"","mirna","clusterString"
"1","hsa-let-7a-2-3p","hsa-let-7a-2,hsa-mir-100"
"2","hsa-let-7a-3p","hsa-let-7a-1,hsa-let-7f-1,hsa-let-7d"
"3","hsa-let-7b-3p","hsa-let-7a-3,hsa-mir-4763,hsa-let-7b"
"4","hsa-let-7b-5p","hsa-let-7a-3,hsa-mir-4763,hsa-let-7b"
"5","hsa-let-7c-5p","hsa-mir-99a,hsa-let-7c"
"6","hsa-let-7d-5p","hsa-let-7a-1,hsa-let-7f-1,hsa-let-7d"
"7","hsa-let-7e-5p","hsa-mir-99b,hsa-let-7e,hsa-mir-125a"
"8","hsa-let-7f-1-3p","hsa-let-7a-1,hsa-let-7f-1,hsa-let-7d"
"9","hsa-let-7f-2-3p","hsa-mir-98,hsa-let-7f-2"
"10","hsa-let-7f-5p","hsa-let-7a-1,hsa-let-7f-1,hsa-let-7d"
"11","hsa-let-7g-3p","hsa-let-7g"
"12","hsa-let-7i-3p","hsa-let-7i"
"13","hsa-mir-1-3p","hsa-mir-133a-1,hsa-mir-1-2"
"14","hsa-mir-100-3p","hsa-let-7a-2,hsa-mir-100"
"15","hsa-mir-100-5p","hsa-let-7a-2,hsa-mir-100"
"16","hsa-mir-101-3p","hsa-mir-3671,hsa-mir-101-1"
"17","hsa-mir-101-5p","hsa-mir-3671,hsa-mir-101-1"
"18","hsa-mir-103a-2-5p","hsa-mir-103a-2,hsa-mir-103b-2"
"19","hsa-mir-105-5p","hsa-mir-105-1,hsa-mir-767,hsa-mir-105-2"
"20","hsa-mir-106a-5p","hsa-mir-363,hsa-mir-92a-2,hsa-mir-19b-2,hsa-mir-20b,hsa-mir-18b,hsa-mir-106a"
"21","hsa-mir-106b-5p","hsa-mir-25,hsa-mir-93,hsa-mir-106b"
"22","hsa-mir-107","hsa-mir-107"
"23","hsa-mir-10a-3p","hsa-mir-10a"
"24","hsa-mir-10a-5p","hsa-mir-10a"
"25","hsa-mir-10b-3p","hsa-mir-10b"
"26","hsa-mir-10b-5p","hsa-mir-10b"
"27","hsa-mir-1179","hsa-mir-1179,hsa-mir-7-2,hsa-mir-3529"
"28","hsa-mir-1180-3p","hsa-mir-1180"
"29","hsa-mir-1185-5p","hsa-mir-376c,hsa-mir-376a-2,hsa-mir-654,hsa-mir-376b,hsa-mir-376a-1,hsa-mir-300,hsa-mir-1185-1,hsa-mir-1185-2,hsa-mir-381,hsa-mir-487b,hsa-mir-539,hsa-mir-889,hsa-mir-544a,hsa-mir-655,hsa-mir-487a"
"30","hsa-mir-122-5p","hsa-mir-122,hsa-mir-3591"
"31","hsa-mir-1224-3p","hsa-mir-1224"
"32","hsa-mir-1224-5p","hsa-mir-1224"
"33","hsa-mir-1226-3p","hsa-mir-1226"
"34","hsa-mir-1227-3p","hsa-mir-1227"
"35","hsa-mir-1228-3p","hsa-mir-1228"
"36","hsa-mir-1228-5p","hsa-mir-1228"
"37","hsa-mir-1229-3p","hsa-mir-1229"
"38","hsa-mir-1237-3p","hsa-mir-1237"
"39","hsa-mir-124-3p","hsa-mir-124-1"
"40","hsa-mir-1243","hsa-mir-1243"
"41","hsa-mir-1248","hsa-mir-1248"
"42","hsa-mir-1249-3p","hsa-mir-1249"
"43","hsa-mir-125a-3p","hsa-mir-99b,hsa-let-7e,hsa-mir-125a"
"44","hsa-mir-125a-5p","hsa-mir-99b,hsa-let-7e,hsa-mir-125a"
"45","hsa-mir-125b-1-3p","hsa-mir-125b-1"
"46","hsa-mir-125b-2-3p","hsa-mir-125b-2"
"47","hsa-mir-125b-5p","hsa-mir-125b-1"
"48","hsa-mir-126-3p","hsa-mir-126"
"49","hsa-mir-126-5p","hsa-mir-126"
"50","hsa-mir-1262","hsa-mir-1262"
"51","hsa-mir-1266-5p","hsa-mir-1266"
"52","hsa-mir-1269a","hsa-mir-1269a"
"53","hsa-mir-127-3p","hsa-mir-337,hsa-mir-665,hsa-mir-431,hsa-mir-433,hsa-mir-127,hsa-mir-432,hsa-mir-136"
"54","hsa-mir-127-5p","hsa-mir-337,hsa-mir-665,hsa-mir-431,hsa-mir-433,hsa-mir-127,hsa-mir-432,hsa-mir-136"
"55","hsa-mir-1270",""
"56","hsa-mir-1271-5p","hsa-mir-1271"
"57","hsa-mir-1276","hsa-mir-1276"
"58","hsa-mir-1277-3p","hsa-mir-1277"
"59","hsa-mir-128-3p","hsa-mir-128-1"
"60","hsa-mir-1287-5p","hsa-mir-1287"
"61","hsa-mir-1288-3p","hsa-mir-1288"
"62","hsa-mir-129-2-3p","hsa-mir-129-2"
"63","hsa-mir-129-5p","hsa-mir-129-1"
"64","hsa-mir-1291","hsa-mir-1291"
"65","hsa-mir-1292-5p","hsa-mir-1292"
"66","hsa-mir-1295a","hsa-mir-1295a,hsa-mir-1295b"
"67","hsa-mir-1296-5p","hsa-mir-1296"
"68","hsa-mir-1298-5p","hsa-mir-1298"
"69","hsa-mir-1301-3p","hsa-mir-1301"
"70","hsa-mir-1304-5p","hsa-mir-1304"
"71","hsa-mir-1305","hsa-mir-1305"
"72","hsa-mir-1306-3p","hsa-mir-3618,hsa-mir-1306"
"73","hsa-mir-1307-3p","hsa-mir-1307"
"74","hsa-mir-130a-3p","hsa-mir-130a"
"75","hsa-mir-130a-5p","hsa-mir-130a"
"76","hsa-mir-130b-3p","hsa-mir-301b,hsa-mir-130b"
"77","hsa-mir-130b-5p","hsa-mir-301b,hsa-mir-130b"
"78","hsa-mir-132-3p","hsa-mir-132,hsa-mir-212"
"79","hsa-mir-132-5p","hsa-mir-132,hsa-mir-212"
"80","hsa-mir-1323","hsa-mir-512-1,hsa-mir-512-2,hsa-mir-1323,hsa-mir-498,hsa-mir-520e,hsa-mir-515-1,hsa-mir-519e"
"81","hsa-mir-133a-3p","hsa-mir-133a-1,hsa-mir-1-2"
"82","hsa-mir-133b","hsa-mir-206,hsa-mir-133b"
"83","hsa-mir-134-5p","hsa-mir-381,hsa-mir-487b,hsa-mir-539,hsa-mir-889,hsa-mir-544a,hsa-mir-655,hsa-mir-487a,hsa-mir-382,hsa-mir-134,hsa-mir-668,hsa-mir-485,hsa-mir-323b,hsa-mir-154,hsa-mir-496,hsa-mir-377,hsa-mir-541"
"84","hsa-mir-135a-5p","hsa-mir-135a-1"
"85","hsa-mir-135b-3p","hsa-mir-135b"
"86","hsa-mir-135b-5p","hsa-mir-135b"
"87","hsa-mir-136-3p","hsa-mir-665,hsa-mir-431,hsa-mir-433,hsa-mir-127,hsa-mir-432,hsa-mir-136"
"88","hsa-mir-136-5p","hsa-mir-665,hsa-mir-431,hsa-mir-433,hsa-mir-127,hsa-mir-432,hsa-mir-136"
"89","hsa-mir-138-1-3p","hsa-mir-138-1"
"90","hsa-mir-138-5p","hsa-mir-138-2"
"91","hsa-mir-139-3p","hsa-mir-139"
"92","hsa-mir-139-5p","hsa-mir-139"
"93","hsa-mir-140-3p","hsa-mir-140"
"94","hsa-mir-140-5p","hsa-mir-140"
"95","hsa-mir-141-3p","hsa-mir-200c,hsa-mir-141"
"96","hsa-mir-141-5p","hsa-mir-200c,hsa-mir-141"
"97","hsa-mir-142-3p","hsa-mir-142,hsa-mir-4736"
"98","hsa-mir-142-5p","hsa-mir-142,hsa-mir-4736"
"99","hsa-mir-143-3p","hsa-mir-143,hsa-mir-145"
"100","hsa-mir-143-5p","hsa-mir-143,hsa-mir-145"
"101","hsa-mir-144-3p","hsa-mir-451a,hsa-mir-451b,hsa-mir-144,hsa-mir-4732"
"102","hsa-mir-144-5p","hsa-mir-451a,hsa-mir-451b,hsa-mir-144,hsa-mir-4732"
"103","hsa-mir-145-3p","hsa-mir-143,hsa-mir-145"
"104","hsa-mir-145-5p","hsa-mir-143,hsa-mir-145"
"105","hsa-mir-1468-5p","hsa-mir-1468"
"106","hsa-mir-146a-3p","hsa-mir-146a"
"107","hsa-mir-146a-5p","hsa-mir-146a"
"108","hsa-mir-146b-3p","hsa-mir-146b"
"109","hsa-mir-146b-5p","hsa-mir-146b"
"110","hsa-mir-148a-3p","hsa-mir-148a"
"111","hsa-mir-148a-5p","hsa-mir-148a"
"112","hsa-mir-148b-5p","hsa-mir-148b"
"113","hsa-mir-149-3p","hsa-mir-149"
"114","hsa-mir-149-5p","hsa-mir-149"
"115","hsa-mir-150-3p","hsa-mir-150"
"116","hsa-mir-150-5p","hsa-mir-150"
"117","hsa-mir-151a-3p","hsa-mir-151a"
"118","hsa-mir-152-3p","hsa-mir-152"
"119","hsa-mir-153-3p","hsa-mir-153-1"
"120","hsa-mir-1538","hsa-mir-1538"
"121","hsa-mir-154-3p","hsa-mir-487a,hsa-mir-382,hsa-mir-134,hsa-mir-668,hsa-mir-485,hsa-mir-323b,hsa-mir-154,hsa-mir-496,hsa-mir-377,hsa-mir-541,hsa-mir-409,hsa-mir-412,hsa-mir-369,hsa-mir-410,hsa-mir-656"
"122","hsa-mir-154-5p","hsa-mir-487a,hsa-mir-382,hsa-mir-134,hsa-mir-668,hsa-mir-485,hsa-mir-323b,hsa-mir-154,hsa-mir-496,hsa-mir-377,hsa-mir-541,hsa-mir-409,hsa-mir-412,hsa-mir-369,hsa-mir-410,hsa-mir-656"
"123","hsa-mir-155-3p","hsa-mir-155"
"124","hsa-mir-155-5p","hsa-mir-155"
"125","hsa-mir-15a-5p","hsa-mir-16-1,hsa-mir-15a"
"126","hsa-mir-15b-3p","hsa-mir-15b,hsa-mir-16-2"
"127","hsa-mir-15b-5p","hsa-mir-15b,hsa-mir-16-2"
"128","hsa-mir-16-1-3p","hsa-mir-16-1,hsa-mir-15a"
"129","hsa-mir-16-2-3p","hsa-mir-15b,hsa-mir-16-2"
"130","hsa-mir-17-3p","hsa-mir-17,hsa-mir-18a,hsa-mir-19a,hsa-mir-20a,hsa-mir-19b-1,hsa-mir-92a-1"
"131","hsa-mir-17-5p","hsa-mir-17,hsa-mir-18a,hsa-mir-19a,hsa-mir-20a,hsa-mir-19b-1,hsa-mir-92a-1"
"132","hsa-mir-181a-2-3p","hsa-mir-181a-2,hsa-mir-181b-2"
"133","hsa-mir-181a-3p","hsa-mir-181b-1,hsa-mir-181a-1"
"134","hsa-mir-181a-5p","hsa-mir-181a-2,hsa-mir-181b-2"
"135","hsa-mir-181b-5p","hsa-mir-181b-1,hsa-mir-181a-1"
"136","hsa-mir-181c-3p","hsa-mir-181c,hsa-mir-181d"
"137","hsa-mir-181c-5p","hsa-mir-181c,hsa-mir-181d"
"138","hsa-mir-181d-5p","hsa-mir-181c,hsa-mir-181d"
"139","hsa-mir-182-3p","hsa-mir-182,hsa-mir-96,hsa-mir-183"
"140","hsa-mir-182-5p","hsa-mir-182,hsa-mir-96,hsa-mir-183"
"141","hsa-mir-183-3p","hsa-mir-182,hsa-mir-96,hsa-mir-183"
"142","hsa-mir-183-5p","hsa-mir-182,hsa-mir-96,hsa-mir-183"
"143","hsa-mir-184","hsa-mir-184"
"144","hsa-mir-185-3p","hsa-mir-185"
"145","hsa-mir-185-5p","hsa-mir-185"
"146","hsa-mir-186-3p","hsa-mir-186"
"147","hsa-mir-186-5p","hsa-mir-186"
"148","hsa-mir-187-3p","hsa-mir-187"
"149","hsa-mir-188-3p","hsa-mir-532,hsa-mir-188,hsa-mir-500a,hsa-mir-362,hsa-mir-501,hsa-mir-500b,hsa-mir-660"
"150","hsa-mir-188-5p","hsa-mir-532,hsa-mir-188,hsa-mir-500a,hsa-mir-362,hsa-mir-501,hsa-mir-500b,hsa-mir-660"
"151","hsa-mir-18a-3p","hsa-mir-17,hsa-mir-18a,hsa-mir-19a,hsa-mir-20a,hsa-mir-19b-1,hsa-mir-92a-1"
"152","hsa-mir-18a-5p","hsa-mir-17,hsa-mir-18a,hsa-mir-19a,hsa-mir-20a,hsa-mir-19b-1,hsa-mir-92a-1"
"153","hsa-mir-18b-3p","hsa-mir-363,hsa-mir-92a-2,hsa-mir-19b-2,hsa-mir-20b,hsa-mir-18b,hsa-mir-106a"
"154","hsa-mir-18b-5p","hsa-mir-363,hsa-mir-92a-2,hsa-mir-19b-2,hsa-mir-20b,hsa-mir-18b,hsa-mir-106a"
"155","hsa-mir-190a-5p","hsa-mir-190a"
"156","hsa-mir-191-3p","hsa-mir-425,hsa-mir-191"
"157","hsa-mir-191-5p","hsa-mir-425,hsa-mir-191"
"158","hsa-mir-192-3p","hsa-mir-192,hsa-mir-194-2"
"159","hsa-mir-192-5p","hsa-mir-192,hsa-mir-194-2"
"160","hsa-mir-193a-3p","hsa-mir-193a"
"161","hsa-mir-193a-5p","hsa-mir-193a"
"162","hsa-mir-193b-3p","hsa-mir-193b,hsa-mir-365a"
"163","hsa-mir-193b-5p","hsa-mir-193b,hsa-mir-365a"
"164","hsa-mir-194-3p","hsa-mir-192,hsa-mir-194-2"
"165","hsa-mir-194-5p","hsa-mir-215,hsa-mir-194-1"
"166","hsa-mir-195-3p","hsa-mir-195,hsa-mir-497"
"167","hsa-mir-195-5p","hsa-mir-195,hsa-mir-497"
"168","hsa-mir-196a-5p","hsa-mir-196a-1"
"169","hsa-mir-196b-5p","hsa-mir-196b"
"170","hsa-mir-197-3p","hsa-mir-197"
"171","hsa-mir-1976","hsa-mir-1976"
"172","hsa-mir-199a-3p","hsa-mir-199a-1"
"173","hsa-mir-199a-5p","hsa-mir-199a-1"
"174","hsa-mir-199b-3p","hsa-mir-199b,hsa-mir-3154"
"175","hsa-mir-199b-5p","hsa-mir-199b,hsa-mir-3154"
"176","hsa-mir-19a-3p","hsa-mir-17,hsa-mir-18a,hsa-mir-19a,hsa-mir-20a,hsa-mir-19b-1,hsa-mir-92a-1"
"177","hsa-mir-19b-1-5p","hsa-mir-17,hsa-mir-18a,hsa-mir-19a,hsa-mir-20a,hsa-mir-19b-1,hsa-mir-92a-1"
"178","hsa-mir-19b-3p","hsa-mir-17,hsa-mir-18a,hsa-mir-19a,hsa-mir-20a,hsa-mir-19b-1,hsa-mir-92a-1"
"179","hsa-mir-200a-3p","hsa-mir-200b,hsa-mir-200a,hsa-mir-429"
"180","hsa-mir-200a-5p","hsa-mir-200b,hsa-mir-200a,hsa-mir-429"
"181","hsa-mir-200b-3p","hsa-mir-200b,hsa-mir-200a,hsa-mir-429"
"182","hsa-mir-200b-5p","hsa-mir-200b,hsa-mir-200a,hsa-mir-429"
"183","hsa-mir-200c-3p","hsa-mir-200c,hsa-mir-141"
"184","hsa-mir-200c-5p","hsa-mir-200c,hsa-mir-141"
"185","hsa-mir-202-3p","hsa-mir-202"
"186","hsa-mir-203a-3p","hsa-mir-203a,hsa-mir-203b"
"187","hsa-mir-204-5p","hsa-mir-204"
"188","hsa-mir-205-3p","hsa-mir-205"
"189","hsa-mir-205-5p","hsa-mir-205"
"190","hsa-mir-206","hsa-mir-206,hsa-mir-133b"
"191","hsa-mir-20a-3p","hsa-mir-17,hsa-mir-18a,hsa-mir-19a,hsa-mir-20a,hsa-mir-19b-1,hsa-mir-92a-1"
"192","hsa-mir-20a-5p","hsa-mir-17,hsa-mir-18a,hsa-mir-19a,hsa-mir-20a,hsa-mir-19b-1,hsa-mir-92a-1"
"193","hsa-mir-20b-3p","hsa-mir-363,hsa-mir-92a-2,hsa-mir-19b-2,hsa-mir-20b,hsa-mir-18b,hsa-mir-106a"
"194","hsa-mir-20b-5p","hsa-mir-363,hsa-mir-92a-2,hsa-mir-19b-2,hsa-mir-20b,hsa-mir-18b,hsa-mir-106a"
"195","hsa-mir-21-3p","hsa-mir-21"
"196","hsa-mir-21-5p","hsa-mir-21"
"197","hsa-mir-210-3p","hsa-mir-210"
"198","hsa-mir-211-5p","hsa-mir-211"
"199","hsa-mir-2110","hsa-mir-2110"
"200","hsa-mir-2113","hsa-mir-2113"
"201","hsa-mir-2114-5p","hsa-mir-2114"
"202","hsa-mir-2116-3p","hsa-mir-2116"
"203","hsa-mir-212-3p","hsa-mir-132,hsa-mir-212"
"204","hsa-mir-214-3p","hsa-mir-214,hsa-mir-3120,hsa-mir-199a-2"
"205","hsa-mir-214-5p","hsa-mir-214,hsa-mir-3120,hsa-mir-199a-2"
"206","hsa-mir-215-5p","hsa-mir-215,hsa-mir-194-1"
"207","hsa-mir-216a-5p","hsa-mir-217,hsa-mir-216a"
"208","hsa-mir-218-1-3p","hsa-mir-218-1"
"209","hsa-mir-218-5p","hsa-mir-218-1"
"210","hsa-mir-219a-1-3p",""
"211","hsa-mir-219a-5p",""
"212","hsa-mir-22-3p","hsa-mir-22"
"213","hsa-mir-22-5p","hsa-mir-22"
"214","hsa-mir-221-3p","hsa-mir-221,hsa-mir-222"
"215","hsa-mir-221-5p","hsa-mir-221,hsa-mir-222"
"216","hsa-mir-222-3p","hsa-mir-221,hsa-mir-222"
"217","hsa-mir-222-5p","hsa-mir-221,hsa-mir-222"
"218","hsa-mir-223-3p","hsa-mir-223"
"219","hsa-mir-223-5p","hsa-mir-223"
"220","hsa-mir-224-3p","hsa-mir-224,hsa-mir-452"
"221","hsa-mir-224-5p","hsa-mir-224,hsa-mir-452"
"222","hsa-mir-2277-3p","hsa-mir-2277"
"223","hsa-mir-2277-5p","hsa-mir-2277"
"224","hsa-mir-2355-3p","hsa-mir-2355"
"225","hsa-mir-2355-5p","hsa-mir-2355"
"226","hsa-mir-23a-5p","hsa-mir-24-2,hsa-mir-27a,hsa-mir-23a"
"227","hsa-mir-23b-3p","hsa-mir-23b,hsa-mir-27b,hsa-mir-3074,hsa-mir-24-1"
"228","hsa-mir-23b-5p","hsa-mir-23b,hsa-mir-27b,hsa-mir-3074,hsa-mir-24-1"
"229","hsa-mir-23c","hsa-mir-23c"
"230","hsa-mir-24-1-5p","hsa-mir-23b,hsa-mir-27b,hsa-mir-3074,hsa-mir-24-1"
"231","hsa-mir-24-2-5p","hsa-mir-24-2,hsa-mir-27a,hsa-mir-23a"
"232","hsa-mir-24-3p","hsa-mir-23b,hsa-mir-27b,hsa-mir-3074,hsa-mir-24-1"
"233","hsa-mir-25-3p","hsa-mir-25,hsa-mir-93,hsa-mir-106b"
"234","hsa-mir-25-5p","hsa-mir-25,hsa-mir-93,hsa-mir-106b"
"235","hsa-mir-26a-1-3p","hsa-mir-26a-1"
"236","hsa-mir-26a-2-3p","hsa-mir-26a-2"
"237","hsa-mir-26a-5p","hsa-mir-26a-1"
"238","hsa-mir-26b-3p","hsa-mir-26b"
"239","hsa-mir-26b-5p","hsa-mir-26b"
"240","hsa-mir-27a-3p","hsa-mir-24-2,hsa-mir-27a,hsa-mir-23a"
"241","hsa-mir-27a-5p","hsa-mir-24-2,hsa-mir-27a,hsa-mir-23a"
"242","hsa-mir-27b-3p","hsa-mir-23b,hsa-mir-27b,hsa-mir-3074,hsa-mir-24-1"
"243","hsa-mir-27b-5p","hsa-mir-23b,hsa-mir-27b,hsa-mir-3074,hsa-mir-24-1"
"244","hsa-mir-28-3p","hsa-mir-28"
"245","hsa-mir-296-3p","hsa-mir-296,hsa-mir-298"
"246","hsa-mir-296-5p","hsa-mir-296,hsa-mir-298"
"247","hsa-mir-299-3p","hsa-mir-379,hsa-mir-411,hsa-mir-299,hsa-mir-380,hsa-mir-1197,hsa-mir-323a,hsa-mir-758,hsa-mir-329-1,hsa-mir-329-2,hsa-mir-494,hsa-mir-1193,hsa-mir-543,hsa-mir-495"
"248","hsa-mir-299-5p","hsa-mir-379,hsa-mir-411,hsa-mir-299,hsa-mir-380,hsa-mir-1197,hsa-mir-323a,hsa-mir-758,hsa-mir-329-1,hsa-mir-329-2,hsa-mir-494,hsa-mir-1193,hsa-mir-543,hsa-mir-495"
"249","hsa-mir-29a-3p","hsa-mir-29a,hsa-mir-29b-1"
"250","hsa-mir-29a-5p","hsa-mir-29a,hsa-mir-29b-1"
"251","hsa-mir-29b-1-5p","hsa-mir-29a,hsa-mir-29b-1"
"252","hsa-mir-29b-2-5p","hsa-mir-29c,hsa-mir-29b-2"
"253","hsa-mir-29b-3p","hsa-mir-29a,hsa-mir-29b-1"
"254","hsa-mir-29c-3p","hsa-mir-29c,hsa-mir-29b-2"
"255","hsa-mir-301a-3p","hsa-mir-301a"
"256","hsa-mir-301b-3p","hsa-mir-301b,hsa-mir-130b"
"257","hsa-mir-302a-3p","hsa-mir-367,hsa-mir-302d,hsa-mir-302a,hsa-mir-302c,hsa-mir-302b"
"258","hsa-mir-302a-5p","hsa-mir-367,hsa-mir-302d,hsa-mir-302a,hsa-mir-302c,hsa-mir-302b"
"259","hsa-mir-302b-3p","hsa-mir-367,hsa-mir-302d,hsa-mir-302a,hsa-mir-302c,hsa-mir-302b"
"260","hsa-mir-302c-3p","hsa-mir-367,hsa-mir-302d,hsa-mir-302a,hsa-mir-302c,hsa-mir-302b"
"261","hsa-mir-302d-3p","hsa-mir-367,hsa-mir-302d,hsa-mir-302a,hsa-mir-302c,hsa-mir-302b"
"262","hsa-mir-302d-5p","hsa-mir-367,hsa-mir-302d,hsa-mir-302a,hsa-mir-302c,hsa-mir-302b"
"263","hsa-mir-3065-3p","hsa-mir-657,hsa-mir-3065,hsa-mir-338,hsa-mir-1250"
"264","hsa-mir-3065-5p","hsa-mir-657,hsa-mir-3065,hsa-mir-338,hsa-mir-1250"
"265","hsa-mir-30a-3p","hsa-mir-30a"
"266","hsa-mir-30a-5p","hsa-mir-30a"
"267","hsa-mir-30b-3p","hsa-mir-30b,hsa-mir-30d"
"268","hsa-mir-30b-5p","hsa-mir-30b,hsa-mir-30d"
"269","hsa-mir-30c-1-3p","hsa-mir-30e,hsa-mir-30c-1"
"270","hsa-mir-30c-2-3p","hsa-mir-30c-2"
"271","hsa-mir-30c-5p","hsa-mir-30c-2"
"272","hsa-mir-30d-3p","hsa-mir-30b,hsa-mir-30d"
"273","hsa-mir-30d-5p","hsa-mir-30b,hsa-mir-30d"
"274","hsa-mir-30e-5p","hsa-mir-30e,hsa-mir-30c-1"
"275","hsa-mir-31-3p","hsa-mir-31"
"276","hsa-mir-31-5p","hsa-mir-31"
"277","hsa-mir-3117-3p","hsa-mir-3117"
"278","hsa-mir-3127-5p","hsa-mir-3127"
"279","hsa-mir-3130-5p","hsa-mir-3130-2,hsa-mir-3130-1"
"280","hsa-mir-3136-5p","hsa-mir-3136"
"281","hsa-mir-3150b-3p","hsa-mir-3150b,hsa-mir-3150a"
"282","hsa-mir-3157-5p","hsa-mir-3157"
"283","hsa-mir-3170","hsa-mir-3170"
"284","hsa-mir-3187-3p","hsa-mir-4745,hsa-mir-3187"
"285","hsa-mir-3199","hsa-mir-3199-1,hsa-mir-3199-2"
"286","hsa-mir-32-3p","hsa-mir-32"
"287","hsa-mir-32-5p","hsa-mir-32"
"288","hsa-mir-3200-3p","hsa-mir-3200"
"289","hsa-mir-320b","hsa-mir-320b-1"
"290","hsa-mir-320c","hsa-mir-320c-1"
"291","hsa-mir-320d","hsa-mir-320d-1"
"292","hsa-mir-323a-3p","hsa-mir-379,hsa-mir-411,hsa-mir-299,hsa-mir-380,hsa-mir-1197,hsa-mir-323a,hsa-mir-758,hsa-mir-329-1,hsa-mir-329-2,hsa-mir-494,hsa-mir-1193,hsa-mir-543,hsa-mir-495"
"293","hsa-mir-323a-5p","hsa-mir-379,hsa-mir-411,hsa-mir-299,hsa-mir-380,hsa-mir-1197,hsa-mir-323a,hsa-mir-758,hsa-mir-329-1,hsa-mir-329-2,hsa-mir-494,hsa-mir-1193,hsa-mir-543,hsa-mir-495"
"294","hsa-mir-323b-3p","hsa-mir-487b,hsa-mir-539,hsa-mir-889,hsa-mir-544a,hsa-mir-655,hsa-mir-487a,hsa-mir-382,hsa-mir-134,hsa-mir-668,hsa-mir-485,hsa-mir-323b,hsa-mir-154,hsa-mir-496,hsa-mir-377,hsa-mir-541,hsa-mir-409,hsa-mir-412,hsa-mir-369,hsa-mir-410"
"295","hsa-mir-324-3p","hsa-mir-324"
"296","hsa-mir-324-5p","hsa-mir-324"
"297","hsa-mir-326","hsa-mir-326"
"298","hsa-mir-328-3p","hsa-mir-328"
"299","hsa-mir-329-3p","hsa-mir-379,hsa-mir-411,hsa-mir-299,hsa-mir-380,hsa-mir-1197,hsa-mir-323a,hsa-mir-758,hsa-mir-329-1,hsa-mir-329-2,hsa-mir-494,hsa-mir-1193,hsa-mir-543,hsa-mir-495"
"300","hsa-mir-330-3p","hsa-mir-330"
"301","hsa-mir-330-5p","hsa-mir-330"
"302","hsa-mir-331-3p","hsa-mir-331,hsa-mir-3685"
"303","hsa-mir-331-5p","hsa-mir-331,hsa-mir-3685"
"304","hsa-mir-335-3p","hsa-mir-335"
"305","hsa-mir-335-5p","hsa-mir-335"
"306","hsa-mir-337-3p","hsa-mir-493,hsa-mir-337,hsa-mir-665,hsa-mir-431,hsa-mir-433,hsa-mir-127,hsa-mir-432"
"307","hsa-mir-338-3p","hsa-mir-657,hsa-mir-3065,hsa-mir-338,hsa-mir-1250"
"308","hsa-mir-338-5p","hsa-mir-657,hsa-mir-3065,hsa-mir-338,hsa-mir-1250"
"309","hsa-mir-339-3p","hsa-mir-339"
"310","hsa-mir-339-5p","hsa-mir-339"
"311","hsa-mir-33a-3p","hsa-mir-33a"
"312","hsa-mir-33a-5p","hsa-mir-33a"
"313","hsa-mir-33b-3p","hsa-mir-33b"
"314","hsa-mir-33b-5p","hsa-mir-33b"
"315","hsa-mir-340-3p","hsa-mir-340"
"316","hsa-mir-340-5p","hsa-mir-340"
"317","hsa-mir-342-3p","hsa-mir-151b,hsa-mir-342"
"318","hsa-mir-342-5p","hsa-mir-151b,hsa-mir-342"
"319","hsa-mir-345-5p","hsa-mir-345"
"320","hsa-mir-34a-3p","hsa-mir-34a"
"321","hsa-mir-34a-5p","hsa-mir-34a"
"322","hsa-mir-34b-3p","hsa-mir-34b,hsa-mir-34c"
"323","hsa-mir-34b-5p","hsa-mir-34b,hsa-mir-34c"
"324","hsa-mir-34c-3p","hsa-mir-34b,hsa-mir-34c"
"325","hsa-mir-34c-5p","hsa-mir-34b,hsa-mir-34c"
"326","hsa-mir-3605-3p","hsa-mir-3605"
"327","hsa-mir-3609","hsa-mir-3609"
"328","hsa-mir-3613-3p","hsa-mir-3613"
"329","hsa-mir-3613-5p","hsa-mir-3613"
"330","hsa-mir-3614-3p","hsa-mir-3614"
"331","hsa-mir-3614-5p","hsa-mir-3614"
"332","hsa-mir-3615","hsa-mir-3615"
"333","hsa-mir-362-3p","hsa-mir-532,hsa-mir-188,hsa-mir-500a,hsa-mir-362,hsa-mir-501,hsa-mir-500b,hsa-mir-660,hsa-mir-502"
"334","hsa-mir-362-5p","hsa-mir-532,hsa-mir-188,hsa-mir-500a,hsa-mir-362,hsa-mir-501,hsa-mir-500b,hsa-mir-660,hsa-mir-502"
"335","hsa-mir-363-3p","hsa-mir-363,hsa-mir-92a-2,hsa-mir-19b-2,hsa-mir-20b,hsa-mir-18b,hsa-mir-106a"
"336","hsa-mir-363-5p","hsa-mir-363,hsa-mir-92a-2,hsa-mir-19b-2,hsa-mir-20b,hsa-mir-18b,hsa-mir-106a"
"337","hsa-mir-3648",""
"338","hsa-mir-3652","hsa-mir-3652"
"339","hsa-mir-365a-3p","hsa-mir-193b,hsa-mir-365a"
"340","hsa-mir-365a-5p","hsa-mir-193b,hsa-mir-365a"
"341","hsa-mir-3660","hsa-mir-3660"
"342","hsa-mir-3662","hsa-mir-3662"
"343","hsa-mir-367-3p","hsa-mir-367,hsa-mir-302d,hsa-mir-302a,hsa-mir-302c,hsa-mir-302b"
"344","hsa-mir-3677-3p","hsa-mir-3677,hsa-mir-940,hsa-mir-4717"
"345","hsa-mir-3680-3p","hsa-mir-3680-1"
"346","hsa-mir-3682-3p","hsa-mir-3682"
"347","hsa-mir-369-3p","hsa-mir-323b,hsa-mir-154,hsa-mir-496,hsa-mir-377,hsa-mir-541,hsa-mir-409,hsa-mir-412,hsa-mir-369,hsa-mir-410,hsa-mir-656"
"348","hsa-mir-3690","hsa-mir-3690-1"
"349","hsa-mir-370-3p","hsa-mir-370"
"350","hsa-mir-371a-5p","hsa-mir-371a,hsa-mir-371b,hsa-mir-372,hsa-mir-373"
"351","hsa-mir-372-3p","hsa-mir-371a,hsa-mir-371b,hsa-mir-372,hsa-mir-373"
"352","hsa-mir-373-3p","hsa-mir-371a,hsa-mir-371b,hsa-mir-372,hsa-mir-373"
"353","hsa-mir-373-5p","hsa-mir-371a,hsa-mir-371b,hsa-mir-372,hsa-mir-373"
"354","hsa-mir-374a-3p","hsa-mir-545,hsa-mir-374a"
"355","hsa-mir-374a-5p","hsa-mir-545,hsa-mir-374a"
"356","hsa-mir-374b-3p","hsa-mir-421,hsa-mir-374b,hsa-mir-374c"
"357","hsa-mir-376a-3p","hsa-mir-543,hsa-mir-495,hsa-mir-376c,hsa-mir-376a-2,hsa-mir-654,hsa-mir-376b,hsa-mir-376a-1,hsa-mir-300,hsa-mir-1185-1,hsa-mir-1185-2,hsa-mir-381,hsa-mir-487b,hsa-mir-539,hsa-mir-889,hsa-mir-544a,hsa-mir-655"
"358","hsa-mir-376a-5p","hsa-mir-543,hsa-mir-495,hsa-mir-376c,hsa-mir-376a-2,hsa-mir-654,hsa-mir-376b,hsa-mir-376a-1,hsa-mir-300,hsa-mir-1185-1,hsa-mir-1185-2,hsa-mir-381,hsa-mir-487b,hsa-mir-539,hsa-mir-889,hsa-mir-544a,hsa-mir-655"
"359","hsa-mir-376b-3p","hsa-mir-543,hsa-mir-495,hsa-mir-376c,hsa-mir-376a-2,hsa-mir-654,hsa-mir-376b,hsa-mir-376a-1,hsa-mir-300,hsa-mir-1185-1,hsa-mir-1185-2,hsa-mir-381,hsa-mir-487b,hsa-mir-539,hsa-mir-889,hsa-mir-544a,hsa-mir-655"
"360","hsa-mir-376c-3p","hsa-mir-494,hsa-mir-1193,hsa-mir-543,hsa-mir-495,hsa-mir-376c,hsa-mir-376a-2,hsa-mir-654,hsa-mir-376b,hsa-mir-376a-1,hsa-mir-300,hsa-mir-1185-1,hsa-mir-1185-2,hsa-mir-381,hsa-mir-487b,hsa-mir-539,hsa-mir-889,hsa-mir-544a,hsa-mir-655"
"361","hsa-mir-377-3p","hsa-mir-487a,hsa-mir-382,hsa-mir-134,hsa-mir-668,hsa-mir-485,hsa-mir-323b,hsa-mir-154,hsa-mir-496,hsa-mir-377,hsa-mir-541,hsa-mir-409,hsa-mir-412,hsa-mir-369,hsa-mir-410,hsa-mir-656"
"362","hsa-mir-377-5p","hsa-mir-487a,hsa-mir-382,hsa-mir-134,hsa-mir-668,hsa-mir-485,hsa-mir-323b,hsa-mir-154,hsa-mir-496,hsa-mir-377,hsa-mir-541,hsa-mir-409,hsa-mir-412,hsa-mir-369,hsa-mir-410,hsa-mir-656"
"363","hsa-mir-378a-3p","hsa-mir-378a"
"364","hsa-mir-378a-5p","hsa-mir-378a"
"365","hsa-mir-378b","hsa-mir-378b"
"366","hsa-mir-378c","hsa-mir-378c"
"367","hsa-mir-379-3p","hsa-mir-379,hsa-mir-411,hsa-mir-299,hsa-mir-380,hsa-mir-1197,hsa-mir-323a,hsa-mir-758,hsa-mir-329-1,hsa-mir-329-2,hsa-mir-494,hsa-mir-1193,hsa-mir-543"
"368","hsa-mir-379-5p","hsa-mir-379,hsa-mir-411,hsa-mir-299,hsa-mir-380,hsa-mir-1197,hsa-mir-323a,hsa-mir-758,hsa-mir-329-1,hsa-mir-329-2,hsa-mir-494,hsa-mir-1193,hsa-mir-543"
"369","hsa-mir-380-5p","hsa-mir-379,hsa-mir-411,hsa-mir-299,hsa-mir-380,hsa-mir-1197,hsa-mir-323a,hsa-mir-758,hsa-mir-329-1,hsa-mir-329-2,hsa-mir-494,hsa-mir-1193,hsa-mir-543,hsa-mir-495"
"370","hsa-mir-381-3p","hsa-mir-376c,hsa-mir-376a-2,hsa-mir-654,hsa-mir-376b,hsa-mir-376a-1,hsa-mir-300,hsa-mir-1185-1,hsa-mir-1185-2,hsa-mir-381,hsa-mir-487b,hsa-mir-539,hsa-mir-889,hsa-mir-544a,hsa-mir-655,hsa-mir-487a,hsa-mir-382,hsa-mir-134,hsa-mir-668,hsa-mir-485"
"371","hsa-mir-382-5p","hsa-mir-381,hsa-mir-487b,hsa-mir-539,hsa-mir-889,hsa-mir-544a,hsa-mir-655,hsa-mir-487a,hsa-mir-382,hsa-mir-134,hsa-mir-668,hsa-mir-485,hsa-mir-323b,hsa-mir-154,hsa-mir-496,hsa-mir-377"
"372","hsa-mir-383-5p","hsa-mir-383"
"373","hsa-mir-3909","hsa-mir-3909,hsa-mir-6069"
"374","hsa-mir-3913-5p","hsa-mir-3913-1,hsa-mir-3913-2"
"375","hsa-mir-3922-3p","hsa-mir-3922"
"376","hsa-mir-3926","hsa-mir-5692a-2,hsa-mir-3926-1,hsa-mir-3926-2"
"377","hsa-mir-3928-3p","hsa-mir-3928"
"378","hsa-mir-3934-5p","hsa-mir-3934"
"379","hsa-mir-3940-3p","hsa-mir-3940"
"380","hsa-mir-3943","hsa-mir-3943"
"381","hsa-mir-409-3p","hsa-mir-668,hsa-mir-485,hsa-mir-323b,hsa-mir-154,hsa-mir-496,hsa-mir-377,hsa-mir-541,hsa-mir-409,hsa-mir-412,hsa-mir-369,hsa-mir-410,hsa-mir-656"
"382","hsa-mir-409-5p","hsa-mir-668,hsa-mir-485,hsa-mir-323b,hsa-mir-154,hsa-mir-496,hsa-mir-377,hsa-mir-541,hsa-mir-409,hsa-mir-412,hsa-mir-369,hsa-mir-410,hsa-mir-656"
"383","hsa-mir-410-3p","hsa-mir-323b,hsa-mir-154,hsa-mir-496,hsa-mir-377,hsa-mir-541,hsa-mir-409,hsa-mir-412,hsa-mir-369,hsa-mir-410,hsa-mir-656"
"384","hsa-mir-411-3p","hsa-mir-379,hsa-mir-411,hsa-mir-299,hsa-mir-380,hsa-mir-1197,hsa-mir-323a,hsa-mir-758,hsa-mir-329-1,hsa-mir-329-2,hsa-mir-494,hsa-mir-1193,hsa-mir-543"
"385","hsa-mir-411-5p","hsa-mir-379,hsa-mir-411,hsa-mir-299,hsa-mir-380,hsa-mir-1197,hsa-mir-323a,hsa-mir-758,hsa-mir-329-1,hsa-mir-329-2,hsa-mir-494,hsa-mir-1193,hsa-mir-543"
"386","hsa-mir-421","hsa-mir-421,hsa-mir-374b,hsa-mir-374c"
"387","hsa-mir-423-3p","hsa-mir-423,hsa-mir-3184"
"388","hsa-mir-424-3p","hsa-mir-450b,hsa-mir-450a-1,hsa-mir-450a-2,hsa-mir-542,hsa-mir-503,hsa-mir-424"
"389","hsa-mir-424-5p","hsa-mir-450b,hsa-mir-450a-1,hsa-mir-450a-2,hsa-mir-542,hsa-mir-503,hsa-mir-424"
"390","hsa-mir-425-3p","hsa-mir-425,hsa-mir-191"
"391","hsa-mir-425-5p","hsa-mir-425,hsa-mir-191"
"392","hsa-mir-429","hsa-mir-200b,hsa-mir-200a,hsa-mir-429"
"393","hsa-mir-431-3p","hsa-mir-337,hsa-mir-665,hsa-mir-431,hsa-mir-433,hsa-mir-127,hsa-mir-432,hsa-mir-136"
"394","hsa-mir-431-5p","hsa-mir-337,hsa-mir-665,hsa-mir-431,hsa-mir-433,hsa-mir-127,hsa-mir-432,hsa-mir-136"
"395","hsa-mir-432-5p","hsa-mir-337,hsa-mir-665,hsa-mir-431,hsa-mir-433,hsa-mir-127,hsa-mir-432,hsa-mir-136"
"396","hsa-mir-4326","hsa-mir-4326"
"397","hsa-mir-433-3p","hsa-mir-337,hsa-mir-665,hsa-mir-431,hsa-mir-433,hsa-mir-127,hsa-mir-432,hsa-mir-136"
"398","hsa-mir-449a","hsa-mir-449a,hsa-mir-449b,hsa-mir-449c"
"399","hsa-mir-450a-5p","hsa-mir-450b,hsa-mir-450a-1,hsa-mir-450a-2,hsa-mir-542,hsa-mir-503,hsa-mir-424"
"400","hsa-mir-450b-5p","hsa-mir-450b,hsa-mir-450a-1,hsa-mir-450a-2,hsa-mir-542,hsa-mir-503,hsa-mir-424"
"401","hsa-mir-451a","hsa-mir-451a,hsa-mir-451b,hsa-mir-144,hsa-mir-4732"
"402","hsa-mir-452-3p","hsa-mir-224,hsa-mir-452"
"403","hsa-mir-452-5p","hsa-mir-224,hsa-mir-452"
"404","hsa-mir-454-3p","hsa-mir-454"
"405","hsa-mir-454-5p","hsa-mir-454"
"406","hsa-mir-455-3p","hsa-mir-455"
"407","hsa-mir-455-5p","hsa-mir-455"
"408","hsa-mir-483-3p","hsa-mir-483"
"409","hsa-mir-483-5p","hsa-mir-483"
"410","hsa-mir-484","hsa-mir-484"
"411","hsa-mir-485-3p","hsa-mir-381,hsa-mir-487b,hsa-mir-539,hsa-mir-889,hsa-mir-544a,hsa-mir-655,hsa-mir-487a,hsa-mir-382,hsa-mir-134,hsa-mir-668,hsa-mir-485,hsa-mir-323b,hsa-mir-154,hsa-mir-496,hsa-mir-377,hsa-mir-541,hsa-mir-409"
"412","hsa-mir-485-5p","hsa-mir-381,hsa-mir-487b,hsa-mir-539,hsa-mir-889,hsa-mir-544a,hsa-mir-655,hsa-mir-487a,hsa-mir-382,hsa-mir-134,hsa-mir-668,hsa-mir-485,hsa-mir-323b,hsa-mir-154,hsa-mir-496,hsa-mir-377,hsa-mir-541,hsa-mir-409"
"413","hsa-mir-486-3p",""
"414","hsa-mir-486-5p",""
"415","hsa-mir-487a-3p","hsa-mir-1185-1,hsa-mir-1185-2,hsa-mir-381,hsa-mir-487b,hsa-mir-539,hsa-mir-889,hsa-mir-544a,hsa-mir-655,hsa-mir-487a,hsa-mir-382,hsa-mir-134,hsa-mir-668,hsa-mir-485,hsa-mir-323b,hsa-mir-154,hsa-mir-496,hsa-mir-377"
"416","hsa-mir-487b-3p","hsa-mir-376c,hsa-mir-376a-2,hsa-mir-654,hsa-mir-376b,hsa-mir-376a-1,hsa-mir-300,hsa-mir-1185-1,hsa-mir-1185-2,hsa-mir-381,hsa-mir-487b,hsa-mir-539,hsa-mir-889,hsa-mir-544a,hsa-mir-655,hsa-mir-487a,hsa-mir-382,hsa-mir-134,hsa-mir-668,hsa-mir-485,hsa-mir-323b"
"417","hsa-mir-488-3p","hsa-mir-488"
"418","hsa-mir-488-5p","hsa-mir-488"
"419","hsa-mir-490-3p","hsa-mir-490"
"420","hsa-mir-491-3p","hsa-mir-491"
"421","hsa-mir-491-5p","hsa-mir-491"
"422","hsa-mir-493-3p","hsa-mir-493,hsa-mir-337,hsa-mir-665"
"423","hsa-mir-493-5p","hsa-mir-493,hsa-mir-337,hsa-mir-665"
"424","hsa-mir-494-3p","hsa-mir-379,hsa-mir-411,hsa-mir-299,hsa-mir-380,hsa-mir-1197,hsa-mir-323a,hsa-mir-758,hsa-mir-329-1,hsa-mir-329-2,hsa-mir-494,hsa-mir-1193,hsa-mir-543,hsa-mir-495"
"425","hsa-mir-495-3p","hsa-mir-299,hsa-mir-380,hsa-mir-1197,hsa-mir-323a,hsa-mir-758,hsa-mir-329-1,hsa-mir-329-2,hsa-mir-494,hsa-mir-1193,hsa-mir-543,hsa-mir-495,hsa-mir-376c,hsa-mir-376a-2,hsa-mir-654,hsa-mir-376b,hsa-mir-376a-1,hsa-mir-300,hsa-mir-1185-1"
"426","hsa-mir-496","hsa-mir-487a,hsa-mir-382,hsa-mir-134,hsa-mir-668,hsa-mir-485,hsa-mir-323b,hsa-mir-154,hsa-mir-496,hsa-mir-377,hsa-mir-541,hsa-mir-409,hsa-mir-412,hsa-mir-369,hsa-mir-410,hsa-mir-656"
"427","hsa-mir-497-3p","hsa-mir-195,hsa-mir-497"
"428","hsa-mir-497-5p","hsa-mir-195,hsa-mir-497"
"429","hsa-mir-499a-3p","hsa-mir-499a,hsa-mir-499b"
"430","hsa-mir-499a-5p","hsa-mir-499a,hsa-mir-499b"
"431","hsa-mir-500a-3p","hsa-mir-532,hsa-mir-188,hsa-mir-500a,hsa-mir-362,hsa-mir-501,hsa-mir-500b,hsa-mir-660,hsa-mir-502"
"432","hsa-mir-500a-5p","hsa-mir-532,hsa-mir-188,hsa-mir-500a,hsa-mir-362,hsa-mir-501,hsa-mir-500b,hsa-mir-660,hsa-mir-502"
"433","hsa-mir-500b-5p","hsa-mir-532,hsa-mir-188,hsa-mir-500a,hsa-mir-362,hsa-mir-501,hsa-mir-500b,hsa-mir-660,hsa-mir-502"
"434","hsa-mir-501-3p","hsa-mir-532,hsa-mir-188,hsa-mir-500a,hsa-mir-362,hsa-mir-501,hsa-mir-500b,hsa-mir-660,hsa-mir-502"
"435","hsa-mir-501-5p","hsa-mir-532,hsa-mir-188,hsa-mir-500a,hsa-mir-362,hsa-mir-501,hsa-mir-500b,hsa-mir-660,hsa-mir-502"
"436","hsa-mir-502-3p","hsa-mir-500a,hsa-mir-362,hsa-mir-501,hsa-mir-500b,hsa-mir-660,hsa-mir-502"
"437","hsa-mir-502-5p","hsa-mir-500a,hsa-mir-362,hsa-mir-501,hsa-mir-500b,hsa-mir-660,hsa-mir-502"
"438","hsa-mir-503-5p","hsa-mir-450b,hsa-mir-450a-1,hsa-mir-450a-2,hsa-mir-542,hsa-mir-503,hsa-mir-424"
"439","hsa-mir-504-5p","hsa-mir-504"
"440","hsa-mir-505-3p","hsa-mir-505"
"441","hsa-mir-505-5p","hsa-mir-505"
"442","hsa-mir-506-3p","hsa-mir-513a-2,hsa-mir-506,hsa-mir-507,hsa-mir-508"
"443","hsa-mir-507","hsa-mir-513a-2,hsa-mir-506,hsa-mir-507,hsa-mir-508"
"444","hsa-mir-508-3p","hsa-mir-506,hsa-mir-507,hsa-mir-508"
"445","hsa-mir-508-5p","hsa-mir-506,hsa-mir-507,hsa-mir-508"
"446","hsa-mir-509-3-5p","hsa-mir-514b,hsa-mir-509-2,hsa-mir-509-3,hsa-mir-509-1"
"447","hsa-mir-509-3p","hsa-mir-509-2,hsa-mir-509-3,hsa-mir-509-1"
"448","hsa-mir-509-5p","hsa-mir-509-2,hsa-mir-509-3,hsa-mir-509-1"
"449","hsa-mir-511-5p",""
"450","hsa-mir-512-3p","hsa-mir-512-1,hsa-mir-512-2,hsa-mir-1323,hsa-mir-498,hsa-mir-520e"
"451","hsa-mir-512-5p","hsa-mir-512-1,hsa-mir-512-2,hsa-mir-1323,hsa-mir-498,hsa-mir-520e"
"452","hsa-mir-513a-3p","hsa-mir-513a-1"
"453","hsa-mir-513a-5p","hsa-mir-513a-1"
"454","hsa-mir-513b-5p","hsa-mir-513c,hsa-mir-513b"
"455","hsa-mir-513c-5p","hsa-mir-513c,hsa-mir-513b"
"456","hsa-mir-514a-3p","hsa-mir-510,hsa-mir-514a-1,hsa-mir-514a-2,hsa-mir-514a-3"
"457","hsa-mir-514b-5p","hsa-mir-514b,hsa-mir-509-2,hsa-mir-509-3"
"458","hsa-mir-515-5p","hsa-mir-512-2,hsa-mir-1323,hsa-mir-498,hsa-mir-520e,hsa-mir-515-1,hsa-mir-519e,hsa-mir-520f,hsa-mir-515-2,hsa-mir-519c,hsa-mir-1283-1"
"459","hsa-mir-516a-5p","hsa-mir-521-1,hsa-mir-522,hsa-mir-519a-1,hsa-mir-527,hsa-mir-516a-1,hsa-mir-1283-2,hsa-mir-516a-2,hsa-mir-519a-2"
"460","hsa-mir-516b-5p","hsa-mir-521-2,hsa-mir-520d,hsa-mir-517b,hsa-mir-520g,hsa-mir-516b-2,hsa-mir-526a-2,hsa-mir-518e,hsa-mir-518a-1,hsa-mir-518d"
"461","hsa-mir-518a-3p","hsa-mir-517b,hsa-mir-520g,hsa-mir-516b-2,hsa-mir-526a-2,hsa-mir-518e,hsa-mir-518a-1,hsa-mir-518d,hsa-mir-516b-1,hsa-mir-518a-2"
"462","hsa-mir-518a-5p","hsa-mir-517b,hsa-mir-520g,hsa-mir-516b-2,hsa-mir-526a-2,hsa-mir-518e,hsa-mir-518a-1,hsa-mir-518d,hsa-mir-516b-1,hsa-mir-518a-2"
"463","hsa-mir-518b","hsa-mir-526b,hsa-mir-519b,hsa-mir-525,hsa-mir-523,hsa-mir-518f,hsa-mir-520b,hsa-mir-518b,hsa-mir-526a-1,hsa-mir-520c,hsa-mir-518c,hsa-mir-524,hsa-mir-517a"
"464","hsa-mir-518c-3p","hsa-mir-518f,hsa-mir-520b,hsa-mir-518b,hsa-mir-526a-1,hsa-mir-520c,hsa-mir-518c,hsa-mir-524,hsa-mir-517a,hsa-mir-519d,hsa-mir-521-2"
"465","hsa-mir-518c-5p","hsa-mir-518f,hsa-mir-520b,hsa-mir-518b,hsa-mir-526a-1,hsa-mir-520c,hsa-mir-518c,hsa-mir-524,hsa-mir-517a,hsa-mir-519d,hsa-mir-521-2"
"466","hsa-mir-518e-3p","hsa-mir-520d,hsa-mir-517b,hsa-mir-520g,hsa-mir-516b-2,hsa-mir-526a-2,hsa-mir-518e,hsa-mir-518a-1,hsa-mir-518d,hsa-mir-516b-1,hsa-mir-518a-2"
"467","hsa-mir-518f-3p","hsa-mir-520a,hsa-mir-526b,hsa-mir-519b,hsa-mir-525,hsa-mir-523,hsa-mir-518f,hsa-mir-520b,hsa-mir-518b,hsa-mir-526a-1,hsa-mir-520c,hsa-mir-518c"
"468","hsa-mir-518f-5p","hsa-mir-520a,hsa-mir-526b,hsa-mir-519b,hsa-mir-525,hsa-mir-523,hsa-mir-518f,hsa-mir-520b,hsa-mir-518b,hsa-mir-526a-1,hsa-mir-520c,hsa-mir-518c"
"469","hsa-mir-519a-3p","hsa-mir-520h,hsa-mir-521-1,hsa-mir-522,hsa-mir-519a-1,hsa-mir-527,hsa-mir-516a-1,hsa-mir-1283-2,hsa-mir-516a-2,hsa-mir-519a-2"
"470","hsa-mir-519a-5p","hsa-mir-520h,hsa-mir-521-1,hsa-mir-522,hsa-mir-519a-1,hsa-mir-527,hsa-mir-516a-1,hsa-mir-1283-2,hsa-mir-516a-2,hsa-mir-519a-2"
"471","hsa-mir-519b-3p","hsa-mir-519c,hsa-mir-1283-1,hsa-mir-520a,hsa-mir-526b,hsa-mir-519b,hsa-mir-525,hsa-mir-523,hsa-mir-518f,hsa-mir-520b,hsa-mir-518b"
"472","hsa-mir-519c-3p","hsa-mir-515-1,hsa-mir-519e,hsa-mir-520f,hsa-mir-515-2,hsa-mir-519c,hsa-mir-1283-1,hsa-mir-520a,hsa-mir-526b,hsa-mir-519b"
"473","hsa-mir-519d-3p","hsa-mir-526a-1,hsa-mir-520c,hsa-mir-518c,hsa-mir-524,hsa-mir-517a,hsa-mir-519d,hsa-mir-521-2,hsa-mir-520d,hsa-mir-517b,hsa-mir-520g"
"474","hsa-mir-519e-3p","hsa-mir-1323,hsa-mir-498,hsa-mir-520e,hsa-mir-515-1,hsa-mir-519e,hsa-mir-520f,hsa-mir-515-2,hsa-mir-519c,hsa-mir-1283-1"
"475","hsa-mir-519e-5p","hsa-mir-1323,hsa-mir-498,hsa-mir-520e,hsa-mir-515-1,hsa-mir-519e,hsa-mir-520f,hsa-mir-515-2,hsa-mir-519c,hsa-mir-1283-1"
"476","hsa-mir-520a-3p","hsa-mir-520f,hsa-mir-515-2,hsa-mir-519c,hsa-mir-1283-1,hsa-mir-520a,hsa-mir-526b,hsa-mir-519b,hsa-mir-525,hsa-mir-523,hsa-mir-518f"
"477","hsa-mir-520a-5p","hsa-mir-520f,hsa-mir-515-2,hsa-mir-519c,hsa-mir-1283-1,hsa-mir-520a,hsa-mir-526b,hsa-mir-519b,hsa-mir-525,hsa-mir-523,hsa-mir-518f"
"478","hsa-mir-520c-3p","hsa-mir-525,hsa-mir-523,hsa-mir-518f,hsa-mir-520b,hsa-mir-518b,hsa-mir-526a-1,hsa-mir-520c,hsa-mir-518c,hsa-mir-524,hsa-mir-517a,hsa-mir-519d,hsa-mir-521-2"
"479","hsa-mir-520d-3p","hsa-mir-524,hsa-mir-517a,hsa-mir-519d,hsa-mir-521-2,hsa-mir-520d,hsa-mir-517b,hsa-mir-520g,hsa-mir-516b-2,hsa-mir-526a-2,hsa-mir-518e"
"480","hsa-mir-520d-5p","hsa-mir-524,hsa-mir-517a,hsa-mir-519d,hsa-mir-521-2,hsa-mir-520d,hsa-mir-517b,hsa-mir-520g,hsa-mir-516b-2,hsa-mir-526a-2,hsa-mir-518e"
"481","hsa-mir-520g-3p","hsa-mir-517a,hsa-mir-519d,hsa-mir-521-2,hsa-mir-520d,hsa-mir-517b,hsa-mir-520g,hsa-mir-516b-2,hsa-mir-526a-2,hsa-mir-518e,hsa-mir-518a-1"
"482","hsa-mir-520h","hsa-mir-518d,hsa-mir-516b-1,hsa-mir-518a-2,hsa-mir-517c,hsa-mir-520h,hsa-mir-521-1,hsa-mir-522,hsa-mir-519a-1"
"483","hsa-mir-525-5p","hsa-mir-1283-1,hsa-mir-520a,hsa-mir-526b,hsa-mir-519b,hsa-mir-525,hsa-mir-523,hsa-mir-518f,hsa-mir-520b,hsa-mir-518b,hsa-mir-526a-1,hsa-mir-520c"
"484","hsa-mir-526b-3p","hsa-mir-515-2,hsa-mir-519c,hsa-mir-1283-1,hsa-mir-520a,hsa-mir-526b,hsa-mir-519b,hsa-mir-525,hsa-mir-523,hsa-mir-518f,hsa-mir-520b,hsa-mir-518b"
"485","hsa-mir-526b-5p","hsa-mir-515-2,hsa-mir-519c,hsa-mir-1283-1,hsa-mir-520a,hsa-mir-526b,hsa-mir-519b,hsa-mir-525,hsa-mir-523,hsa-mir-518f,hsa-mir-520b,hsa-mir-518b"
"486","hsa-mir-527","hsa-mir-521-1,hsa-mir-522,hsa-mir-519a-1,hsa-mir-527,hsa-mir-516a-1,hsa-mir-1283-2,hsa-mir-516a-2,hsa-mir-519a-2"
"487","hsa-mir-532-3p","hsa-mir-532,hsa-mir-188,hsa-mir-500a,hsa-mir-362,hsa-mir-501,hsa-mir-500b"
"488","hsa-mir-532-5p","hsa-mir-532,hsa-mir-188,hsa-mir-500a,hsa-mir-362,hsa-mir-501,hsa-mir-500b"
"489","hsa-mir-539-5p","hsa-mir-376c,hsa-mir-376a-2,hsa-mir-654,hsa-mir-376b,hsa-mir-376a-1,hsa-mir-300,hsa-mir-1185-1,hsa-mir-1185-2,hsa-mir-381,hsa-mir-487b,hsa-mir-539,hsa-mir-889,hsa-mir-544a,hsa-mir-655,hsa-mir-487a,hsa-mir-382,hsa-mir-134,hsa-mir-668,hsa-mir-485,hsa-mir-323b"
"490","hsa-mir-541-3p","hsa-mir-134,hsa-mir-668,hsa-mir-485,hsa-mir-323b,hsa-mir-154,hsa-mir-496,hsa-mir-377,hsa-mir-541,hsa-mir-409,hsa-mir-412,hsa-mir-369,hsa-mir-410,hsa-mir-656"
"491","hsa-mir-541-5p","hsa-mir-134,hsa-mir-668,hsa-mir-485,hsa-mir-323b,hsa-mir-154,hsa-mir-496,hsa-mir-377,hsa-mir-541,hsa-mir-409,hsa-mir-412,hsa-mir-369,hsa-mir-410,hsa-mir-656"
"492","hsa-mir-542-3p","hsa-mir-450b,hsa-mir-450a-1,hsa-mir-450a-2,hsa-mir-542,hsa-mir-503,hsa-mir-424"
"493","hsa-mir-542-5p","hsa-mir-450b,hsa-mir-450a-1,hsa-mir-450a-2,hsa-mir-542,hsa-mir-503,hsa-mir-424"
"494","hsa-mir-543","hsa-mir-379,hsa-mir-411,hsa-mir-299,hsa-mir-380,hsa-mir-1197,hsa-mir-323a,hsa-mir-758,hsa-mir-329-1,hsa-mir-329-2,hsa-mir-494,hsa-mir-1193,hsa-mir-543,hsa-mir-495,hsa-mir-376c,hsa-mir-376a-2,hsa-mir-654,hsa-mir-376b,hsa-mir-376a-1,hsa-mir-300"
"495","hsa-mir-545-5p","hsa-mir-545,hsa-mir-374a"
"496","hsa-mir-548b-3p","hsa-mir-548b"
"497","hsa-mir-548d-3p","hsa-mir-548aa-1,hsa-mir-548d-1"
"498","hsa-mir-548e-3p","hsa-mir-548e"
"499","hsa-mir-548f-3p","hsa-mir-548f-2"
"500","hsa-mir-548j-5p","hsa-mir-548j"
"501","hsa-mir-548o-3p","hsa-mir-548o"
"502","hsa-mir-548s","hsa-mir-548s"
"503","hsa-mir-548t-5p","hsa-mir-548t"
"504","hsa-mir-548v","hsa-mir-548v"
"505","hsa-mir-550a-3p","hsa-mir-550a-1,hsa-mir-550b-1"
"506","hsa-mir-550a-5p","hsa-mir-550a-1,hsa-mir-550b-1"
"507","hsa-mir-551a","hsa-mir-551a"
"508","hsa-mir-552-3p","hsa-mir-552"
"509","hsa-mir-556-3p","hsa-mir-556"
"510","hsa-mir-556-5p","hsa-mir-556"
"511","hsa-mir-570-3p","hsa-mir-570"
"512","hsa-mir-576-5p","hsa-mir-576"
"513","hsa-mir-577","hsa-mir-577"
"514","hsa-mir-579-3p","hsa-mir-579"
"515","hsa-mir-580-3p","hsa-mir-580"
"516","hsa-mir-581","hsa-mir-581"
"517","hsa-mir-582-3p","hsa-mir-582"
"518","hsa-mir-582-5p","hsa-mir-582"
"519","hsa-mir-584-5p","hsa-mir-584"
"520","hsa-mir-589-3p","hsa-mir-589"
"521","hsa-mir-589-5p","hsa-mir-589"
"522","hsa-mir-590-3p","hsa-mir-590"
"523","hsa-mir-590-5p","hsa-mir-590"
"524","hsa-mir-592","hsa-mir-592"
"525","hsa-mir-598-3p","hsa-mir-598"
"526","hsa-mir-605-5p","hsa-mir-605"
"527","hsa-mir-615-3p","hsa-mir-615"
"528","hsa-mir-616-3p","hsa-mir-616"
"529","hsa-mir-616-5p","hsa-mir-616"
"530","hsa-mir-618","hsa-mir-618"
"531","hsa-mir-624-5p","hsa-mir-624"
"532","hsa-mir-625-3p","hsa-mir-625"
"533","hsa-mir-625-5p","hsa-mir-625"
"534","hsa-mir-627-5p","hsa-mir-627"
"535","hsa-mir-628-3p","hsa-mir-628"
"536","hsa-mir-628-5p","hsa-mir-628"
"537","hsa-mir-629-3p","hsa-mir-629"
"538","hsa-mir-629-5p","hsa-mir-629"
"539","hsa-mir-636","hsa-mir-636"
"540","hsa-mir-639","hsa-mir-639"
"541","hsa-mir-642a-5p","hsa-mir-642a,hsa-mir-642b"
"542","hsa-mir-643","hsa-mir-643"
"543","hsa-mir-651-5p","hsa-mir-651"
"544","hsa-mir-652-3p","hsa-mir-652"
"545","hsa-mir-653-5p","hsa-mir-653,hsa-mir-489"
"546","hsa-mir-654-3p","hsa-mir-543,hsa-mir-495,hsa-mir-376c,hsa-mir-376a-2,hsa-mir-654,hsa-mir-376b,hsa-mir-376a-1,hsa-mir-300,hsa-mir-1185-1,hsa-mir-1185-2,hsa-mir-381,hsa-mir-487b,hsa-mir-539,hsa-mir-889,hsa-mir-544a,hsa-mir-655"
"547","hsa-mir-654-5p","hsa-mir-543,hsa-mir-495,hsa-mir-376c,hsa-mir-376a-2,hsa-mir-654,hsa-mir-376b,hsa-mir-376a-1,hsa-mir-300,hsa-mir-1185-1,hsa-mir-1185-2,hsa-mir-381,hsa-mir-487b,hsa-mir-539,hsa-mir-889,hsa-mir-544a,hsa-mir-655"
"548","hsa-mir-655-3p","hsa-mir-376c,hsa-mir-376a-2,hsa-mir-654,hsa-mir-376b,hsa-mir-376a-1,hsa-mir-300,hsa-mir-1185-1,hsa-mir-1185-2,hsa-mir-381,hsa-mir-487b,hsa-mir-539,hsa-mir-889,hsa-mir-544a,hsa-mir-655,hsa-mir-487a,hsa-mir-382,hsa-mir-134,hsa-mir-668,hsa-mir-485,hsa-mir-323b"
"549","hsa-mir-656-3p","hsa-mir-154,hsa-mir-496,hsa-mir-377,hsa-mir-541,hsa-mir-409,hsa-mir-412,hsa-mir-369,hsa-mir-410,hsa-mir-656"
"550","hsa-mir-658","hsa-mir-658,hsa-mir-659"
"551","hsa-mir-660-5p","hsa-mir-188,hsa-mir-500a,hsa-mir-362,hsa-mir-501,hsa-mir-500b,hsa-mir-660,hsa-mir-502"
"552","hsa-mir-663a","hsa-mir-663a"
"553","hsa-mir-663b","hsa-mir-663b"
"554","hsa-mir-664a-3p","hsa-mir-664a"
"555","hsa-mir-664a-5p","hsa-mir-664a"
"556","hsa-mir-665","hsa-mir-493,hsa-mir-337,hsa-mir-665,hsa-mir-431,hsa-mir-433,hsa-mir-127,hsa-mir-432,hsa-mir-136"
"557","hsa-mir-671-3p","hsa-mir-671"
"558","hsa-mir-671-5p","hsa-mir-671"
"559","hsa-mir-675-3p","hsa-mir-675"
"560","hsa-mir-676-3p","hsa-mir-676"
"561","hsa-mir-676-5p","hsa-mir-676"
"562","hsa-mir-7-1-3p","hsa-mir-7-1"
"563","hsa-mir-7-2-3p","hsa-mir-1179,hsa-mir-7-2,hsa-mir-3529"
"564","hsa-mir-7-5p","hsa-mir-7-1"
"565","hsa-mir-708-3p","hsa-mir-708"
"566","hsa-mir-708-5p","hsa-mir-708"
"567","hsa-mir-744-3p","hsa-mir-744"
"568","hsa-mir-744-5p","hsa-mir-744"
"569","hsa-mir-758-3p","hsa-mir-379,hsa-mir-411,hsa-mir-299,hsa-mir-380,hsa-mir-1197,hsa-mir-323a,hsa-mir-758,hsa-mir-329-1,hsa-mir-329-2,hsa-mir-494,hsa-mir-1193,hsa-mir-543,hsa-mir-495"
"570","hsa-mir-760","hsa-mir-760"
"571","hsa-mir-765","hsa-mir-765"
"572","hsa-mir-766-3p","hsa-mir-766"
"573","hsa-mir-767-3p","hsa-mir-105-1,hsa-mir-767,hsa-mir-105-2"
"574","hsa-mir-767-5p","hsa-mir-105-1,hsa-mir-767,hsa-mir-105-2"
"575","hsa-mir-769-3p","hsa-mir-769"
"576","hsa-mir-770-5p","hsa-mir-770"
"577","hsa-mir-873-5p","hsa-mir-873"
"578","hsa-mir-874-3p","hsa-mir-874"
"579","hsa-mir-877-3p","hsa-mir-877"
"580","hsa-mir-877-5p","hsa-mir-877"
"581","hsa-mir-885-5p","hsa-mir-885"
"582","hsa-mir-887-3p","hsa-mir-887"
"583","hsa-mir-889-3p","hsa-mir-376c,hsa-mir-376a-2,hsa-mir-654,hsa-mir-376b,hsa-mir-376a-1,hsa-mir-300,hsa-mir-1185-1,hsa-mir-1185-2,hsa-mir-381,hsa-mir-487b,hsa-mir-539,hsa-mir-889,hsa-mir-544a,hsa-mir-655,hsa-mir-487a,hsa-mir-382,hsa-mir-134,hsa-mir-668,hsa-mir-485,hsa-mir-323b"
"584","hsa-mir-892a","hsa-mir-892c,hsa-mir-890,hsa-mir-888,hsa-mir-892a,hsa-mir-892b,hsa-mir-891b"
"585","hsa-mir-9-3p","hsa-mir-9-1"
"586","hsa-mir-9-5p","hsa-mir-9-1"
"587","hsa-mir-92a-1-5p","hsa-mir-17,hsa-mir-18a,hsa-mir-19a,hsa-mir-20a,hsa-mir-19b-1,hsa-mir-92a-1"
"588","hsa-mir-92a-3p","hsa-mir-17,hsa-mir-18a,hsa-mir-19a,hsa-mir-20a,hsa-mir-19b-1,hsa-mir-92a-1"
"589","hsa-mir-92b-3p","hsa-mir-92b"
"590","hsa-mir-92b-5p","hsa-mir-92b"
"591","hsa-mir-93-3p","hsa-mir-25,hsa-mir-93,hsa-mir-106b"
"592","hsa-mir-93-5p","hsa-mir-25,hsa-mir-93,hsa-mir-106b"
"593","hsa-mir-935","hsa-mir-935"
"594","hsa-mir-937-3p","hsa-mir-937"
"595","hsa-mir-939-5p","hsa-mir-939,hsa-mir-1234"
"596","hsa-mir-940","hsa-mir-3677,hsa-mir-940,hsa-mir-4717"
"597","hsa-mir-942-5p","hsa-mir-942"
"598","hsa-mir-944","hsa-mir-944"
"599","hsa-mir-95-3p","hsa-mir-95"
"600","hsa-mir-96-5p","hsa-mir-182,hsa-mir-96,hsa-mir-183"
"601","hsa-mir-98-5p","hsa-mir-98,hsa-let-7f-2"
"602","hsa-mir-99a-3p","hsa-mir-99a,hsa-let-7c"
"603","hsa-mir-99a-5p","hsa-mir-99a,hsa-let-7c"
"604","hsa-mir-99b-3p","hsa-mir-99b,hsa-let-7e,hsa-mir-125a"
